"","Taxon","site_code","mean.cover.response","local_lifeform","local_lifespan","functional_group","bernoulli","leafN","height","rootN","SLA","root_depth","RTD","SRL"
"1","Aira caryophyllea","lcnorth.cl",-35.66666667,"GRASS","ANNUAL","GRASS",0,19.9,0.155,8.843084453,21.08,0.181536575,0.207004398,224.2166835
"2","Avena barbata","naposta.ar",-26.66666667,"GRASS","ANNUAL","GRASS",0,17,0.389,8.408464445,25.674375,0.5,0.02363125,149
"3","Centaurea melitensis","lcnorth.cl",-26,"FORB","ANNUAL","FORB",0,23.46839325,1,13.19014872,9.4,0.3,0.255779309,145.36
"4","Vulpia myuros","scruzh.us",-21.66666667,"GRASS","ANNUAL","GRASS",0,17.1507779,0.435733333,7.5,22.38333333,0.3048,0.044,268.91
"5","Vicia sativa","scruzl.us",-19,"FORB","ANNUAL","LEGUME",0,32.1,0.7509,3.5,26.61714286,0.3048,0.430769231,60.47073255
"6","Bromus diandrus","scruzm.us",-16.2,"GRASS","ANNUAL","GRASS",0,19.4,0.99,10.24261237,39,0.664721084,0.142148117,238.8
"7","Raphanus sativus","scruzm.us",-15.16666667,"FORB","ANNUAL","FORB",0,40.5,0.715,14.825,34.60857143,1.566667,0.461126342,30.09324949
"8","Ventenata dubia","oreac.us",-14.75,"GRASS","ANNUAL","GRASS",0,24.37399511,0.225,8.686891387,20.5,0.507582778,0.157634935,188.6494363
"9","Bromus sterilis","cowidrt.ca",-14.66666667,"GRASS","ANNUAL","GRASS",0,27.9,0.658333333,9.050166032,30.5349098,1.5,0.4459545,279.231
"10","Trifolium dubium","jenadrt.de",-12.91666667,"LEGUME","ANNUAL","LEGUME",0,35.6,0.076,27.56771735,30.39,0.3445,0.109,254.8747547
"11","Geranium dissectum","scruzl.us",-11.75,"FORB","ANNUAL","FORB",0,19.13,0.151,14.74744404,17.86,0.5,0.382010582,207.6012196
"12","Vicia sativa","baddrt.de",-11.53333333,"FORB","ANNUAL","LEGUME",0,32.1,0.7509,3.5,26.61714286,0.3048,0.430769231,60.47073255
"13","Sonchus asper","scruzl.us",-11.25,"FORB","ANNUAL","FORB",0,27.6,0.5875,10.6142608,24.97389591,0.69,0.301036269,223.2180487
"14","Galium mollugo","rhijn.nl",-9.166666667,"FORB","ANNUAL","FORB",0,29.6653889,0.57825,12.06782427,21.5515698,0.1688729,0.105319476,406.1581499
"15","Carduus pycnocephalus","scruzl.us",-7.8,"FORB","ANNUAL","FORB",0,8.2,0.8,15.95131794,38,1.818370447,0.057208068,239.9117417
"16","Panicum capillare","konzadrt.us",-7.133333333,"GRASS","ANNUAL","GRASS",0,17.0314031,0.43545,11.05732295,27.43942379,0.62,0.14,218
"17","Rudbeckia hirta","slp.us",-6.5,"FORB","ANNUAL","FORB",0,NA,NA,NA,NA,NA,NA,NA
"18","Plantago patagonica","spvdrt.ar",-3.5,"FORB","ANNUAL","FORB",0,16.75319,0.1524,17.79226576,7.068,0.1524,0.406666667,171.778132
"19","Schismus barbatus","spvdrt.ar",-3,"GRASS","ANNUAL","GRASS",0,19.2972132,0.25,9.222220298,18.21,0.16,0.328004941,81.47
"20","Vulpia myuros","baddrt.de",-2.8,"GRASS","ANNUAL","GRASS",0,17.1507779,0.435733333,7.5,22.38333333,0.3048,0.044,268.91
"21","Erodium cicutarium","spvdrt.ar",-2.333333333,"FORB","ANNUAL","FORB",0,34.47666667,0.0275,11.48,28.8428,0.5,0.43626943,71.7331
"22","Linum medium","slp.us",-2.333333333,"FORB","ANNUAL","FORB",0,23.59012265,0.328,15.08919366,22.57688088,0.3308806,0.361578154,137.7325439
"23","Anagallis arvensis","scruzh.us",-2.25,"FORB","ANNUAL","FORB",0,25,0.187,12.15309586,28.34396552,0.315,0.203073729,93.81085379
"24","Plantago rhodosperma","bfl.us",-2,"FORB","ANNUAL","FORB",0,41.10202986,0.069404846,16.72938835,17.37,0.279574828,0.298306715,99.91173639
"25","Rudbeckia hirta","bfl.us",-2,"FORB","ANNUAL","FORB",0,NA,NA,NA,NA,NA,NA,NA
"26","Bromus hordeaceus","baddrt.de",-1.825,"GRASS","ANNUAL","GRASS",0,25.57289667,0.6899,10.2,27.25455017,0.254,0.137083333,471.2364007
"27","Avena barbata","scruzh.us",-1.5,"GRASS","ANNUAL","GRASS",0,17,0.389,8.408464445,25.674375,0.5,0.02363125,149
"28","Bromus hordeaceus","scruzh.us",-1.5,"GRASS","ANNUAL","GRASS",0,25.57289667,0.6899,10.2,27.25455017,0.254,0.137083333,471.2364007
"29","Sonchus oleraceus","qdtsouth.cl",-1.5,"FORB","ANNUAL","FORB",0,34.9,1.1328125,6.669084649,39.67950467,0.755,0.223990337,76.97
"30","Vicia hirsuta","baddrt.de",-1.2,"FORB","ANNUAL","LEGUME",0,43.2098,0.4375,28.02801,22.05714286,0.66,0.3375,87.90712843
"31","Aristida holathera","ethadb.au",-1,"GRASS","ANNUAL","GRASS",0,8.4875,0.7,2.975,5.62,0.703009912,0.745,44.86124996
"32","Carduus pycnocephalus","scruzm.us",-1,"FORB","ANNUAL","FORB",0,8.2,0.8,15.95131794,38,1.818370447,0.057208068,239.9117417
"33","Erodium cicutarium","scruzh.us",-1,"FORB","ANNUAL","FORB",0,34.47666667,0.0275,11.48,28.8428,0.5,0.43626943,71.7331
"34","Hordeum pusillum","marcdrt.ar",-1,"GRASS","ANNUAL","GRASS",0,28.27638313,0.36576,12.07239276,32.4,0.2032,0.278984039,157.1579379
"35","Sonchus asper","scruzh.us",-1,"FORB","ANNUAL","FORB",0,27.6,0.5875,10.6142608,24.97389591,0.69,0.301036269,223.2180487
"36","Thlaspi arvense","hard.us",-1,"FORB","ANNUAL","FORB",0,30.89373507,0.423333333,15.69772957,24.42761317,0.49,0.42845,105
"37","Apera spica-venti","baddrt.de",-0.8,"GRASS","ANNUAL","GRASS",0,22.44308186,0.775,8.744455455,19.13333333,0.66,0.183564622,193.8
"38","Linum catharticum","allmendb.ch",-0.75,"FORB","ANNUAL","FORB",0,20.2751018,0.184833333,15.91837728,29.89038332,0.18,0.3081,160
"39","Cerastium glomeratum","jenadrt.de",-0.666666667,"FORB","ANNUAL","FORB",0,17.025,0.249,14.7,23.38503171,0.11,0.4988333,318
"40","Linum catharticum","allmendo.ch",-0.625,"FORB","ANNUAL","FORB",0,20.2751018,0.184833333,15.91837728,29.89038332,0.18,0.3081,160
"41","Ventenata dubia","oreaa.us",-0.6,"GRASS","ANNUAL","GRASS",0,24.37399511,0.225,8.686891387,20.5,0.507582778,0.157634935,188.6494363
"42","Bromus tectorum","hard.us",-0.5,"GRASS","ANNUAL","GRASS",0,18.768,0.198681818,7.006735802,17.28496,0.90288,0.47,31.204325
"43","Thelesperma filifolium","bfl.us",-0.5,"FORB","ANNUAL","FORB",0,24.36,0.18804,15.16485277,13.73905805,0.807206471,0.158753574,15.93810075
"44","Bromus diandrus","scruzl.us",-0.4,"GRASS","ANNUAL","GRASS",0,19.4,0.99,10.24261237,39,0.664721084,0.142148117,238.8
"45","Erigeron annuus","esw.ca",-0.333333333,"FORB","ANNUAL","FORB",0,13.87251282,0.790891667,7.539363428,23.37334387,1.02,0.32875817,62.7520477
"46","Epilobium brachycarpum","oreac.us",-0.3,"FORB","ANNUAL","FORB",0,30.48666667,0.286,10.95816314,21.56584,0.689424156,0.343062758,81.71053333
"47","Arenaria serpyllifolia","jenadrt.de",-0.25,"FORB","ANNUAL","FORB",0,12,0.075,13.275,23.7,0.21,0.067,277.6260987
"48","Erodium cicutarium","lcnorth.cl",-0.25,"FORB","ANNUAL","FORB",0,34.47666667,0.0275,11.48,28.8428,0.5,0.43626943,71.7331
"49","Salvia verbenaca","credom.au",-0.2,"FORB","ANNUAL","FORB",0,16.0456633,0.508333333,15.54692769,11.94,0.734933994,0.263053677,214.0296316
"50","Erodium cicutarium","capmcd.us",-0.133333333,"FORB","ANNUAL","FORB",0,34.47666667,0.0275,11.48,28.8428,0.5,0.43626943,71.7331
"51","Bromus rubens","gmmolar.us",-0.1,"GRASS","ANNUAL","GRASS",0,28.7686987,0.39624,8.986278183,18.713372,0.2032,0.310983708,149.5844876
"52","Erodium cicutarium","gmmolar.us",-0.1,"FORB","ANNUAL","FORB",0,34.47666667,0.0275,11.48,28.8428,0.5,0.43626943,71.7331
"53","Plantago patagonica","capwhite.us",-0.035,"FORB","ANNUAL","FORB",0,16.75319,0.1524,17.79226576,7.068,0.1524,0.406666667,171.778132
"54","Bromus rubens","gmgranite.us",-0.033333333,"GRASS","ANNUAL","GRASS",0,28.7686987,0.39624,8.986278183,18.713372,0.2032,0.310983708,149.5844876
"55","Erodium cicutarium","gmgranite.us",-0.028571429,"FORB","ANNUAL","FORB",0,34.47666667,0.0275,11.48,28.8428,0.5,0.43626943,71.7331
"56","Schismus barbatus","gmgranite.us",-0.014285714,"GRASS","ANNUAL","GRASS",0,19.2972132,0.25,9.222220298,18.21,0.16,0.328004941,81.47
"57","Bromus japonicus","oreaa.us",0,"GRASS","ANNUAL","GRASS",NA,20.898,0.424044444,9.067927037,19.31803729,1.5,0.309868736,156.4992401
"58","Bromus rubens","capmcd.us",0,"GRASS","ANNUAL","GRASS",NA,28.7686987,0.39624,8.986278183,18.713372,0.2032,0.310983708,149.5844876
"59","Collinsia parviflora","oreaa.us",0,"FORB","ANNUAL","FORB",NA,24.9666689,0.3048,14.4920836,32.3,0.449812959,0.186900323,211.7691975
"60","Collinsia parviflora","oreac.us",0,"FORB","ANNUAL","FORB",NA,24.9666689,0.3048,14.4920836,32.3,0.449812959,0.186900323,211.7691975
"61","Croton glandulosus","bfl.us",0,"FORB","ANNUAL","FORB",NA,17.5,0.480638763,12.09587325,38.2464889,0.999154641,0.225597414,153.5549323
"62","Galium aparine","cowidrt.ca",0,"FORB","ANNUAL","FORB",NA,30.3875,0.765787211,17.66740825,34.58771111,0.1016,0.246153846,342.4265529
"63","Medicago minima","credom.au",0,"LEGUME","ANNUAL","LEGUME",NA,36.2,0.1701,27.16145213,24.66638889,0.22,0.0815,211.5066667
"64","Salvia verbenaca","credoj.au",0,"FORB","ANNUAL","FORB",NA,16.0456633,0.508333333,15.54692769,11.94,0.734933994,0.263053677,214.0296316
"65","Sonchus oleraceus","lcsouth.cl",0,"FORB","ANNUAL","FORB",NA,34.9,1.1328125,6.669084649,39.67950467,0.755,0.223990337,76.97
"66","Thelesperma filifolium","oklah.us",0,"FORB","ANNUAL","FORB",NA,24.36,0.18804,15.16485277,13.73905805,0.807206471,0.158753574,15.93810075
"67","Veronica arvensis","jenadrt.de",0,"FORB","ANNUAL","FORB",NA,15,0.187777778,8.048018625,21.00097059,0.19,0.7139167,224.167
"68","Veronica arvensis","cowidrt.ca",0,"FORB","ANNUAL","FORB",NA,15,0.187777778,8.048018625,21.00097059,0.19,0.7139167,224.167
"69","Vulpia bromoides","spvdrt.ar",0,"GRASS","ANNUAL","GRASS",NA,12.48497603,0.2225,13.51546393,20.86,0.4995,0.093991462,417.75
"70","Erigeron canadensis","baddrt.de",0.033333333,"FORB","ANNUAL","FORB",1,27.5,0.676,12.38888882,21.20435157,1.09,0.09,119
"71","Cerastium glomeratum","cowidrt.ca",0.066666667,"FORB","ANNUAL","FORB",1,17.025,0.249,14.7,23.38503171,0.11,0.4988333,318
"72","Bassia scoparia","antelope.us",0.075,"FORB","ANNUAL","FORB",1,32.45,1.184444444,9.39334462,19.65690846,0.573370828,0.384575183,97.31383001
"73","Alyssum desertorum","nplatte.us",0.083333333,"FORB","ANNUAL","FORB",1,31.47332265,0.1,13.3203141,27.17578947,1.121515675,0.520679488,44.5774581
"74","Ambrosia artemisiifolia","bivensarm.us",0.177777777,"FORB","ANNUAL","FORB",1,23.1,0.226,15.077975,21.45333609,1.22,0.08,135
"75","Crepis capillaris","baddrt.de",0.2,"FORB","ANNUAL","FORB",1,25.65,0.458333333,10.7,35.00023666,0.385,0.034609511,138
"76","Vicia hirsuta","cowidrt.ca",0.2,"FORB","ANNUAL","LEGUME",1,43.2098,0.4375,28.02801,22.05714286,0.66,0.3375,87.90712843
"77","Rhinanthus minor","allmendb.ch",0.25,"FORB","ANNUAL","FORB",1,34.3558401,0.395833333,17.33047979,18.84206584,0.08,0.247114907,131.9408677
"78","Salsola kali","antelope.us",0.45,"FORB","ANNUAL","WOODY",1,NA,NA,NA,NA,NA,NA,NA
"79","Bromus tectorum","nplatte.us",0.476190476,"GRASS","ANNUAL","GRASS",1,18.768,0.198681818,7.006735802,17.28496,0.90288,0.47,31.204325
"80","Vicia sativa","cowidrt.ca",0.5,"FORB","ANNUAL","LEGUME",1,32.1,0.7509,3.5,26.61714286,0.3048,0.430769231,60.47073255
"81","Epilobium brachycarpum","oreaa.us",0.6,"FORB","ANNUAL","FORB",1,30.48666667,0.286,10.95816314,21.56584,0.689424156,0.343062758,81.71053333
"82","Poa bulbosa","oreac.us",0.833333333,"GRASS","ANNUAL","GRASS",1,17.70666667,0.3224,10.49,21.09,0.2032,0.241483464,168.5918755
"83","Geranium dissectum","jenadrt.de",1,"FORB","ANNUAL","FORB",1,19.13,0.151,14.74744404,17.86,0.5,0.382010582,207.6012196
"84","Croton monanthogynus","oklah.us",1.25,"FORB","ANNUAL","FORB",1,17.5,0.42171446,12.17699152,18.1,1.060784681,0.393482819,143.1969975
"85","Linum bienne","scruzh.us",1.5,"FORB","ANNUAL","FORB",1,27.53,0.375,14.82624006,26.60625,0.291340501,0.330776417,119.3862143
"86","Erigeron bonariensis","naposta.ar",2,"FORB","ANNUAL","FORB",1,20.2,0.46625,11.70671258,17.6205,0.850727356,0.162494861,126.8641723
"87","Valerianella locusta","cowidrt.ca",2.05,"FORB","ANNUAL","FORB",1,26,0.1925,11.79051689,31.7,0.05,0.56326,204
"88","Avena barbata","scruzl.us",4.4,"GRASS","ANNUAL","GRASS",1,17,0.389,8.408464445,25.674375,0.5,0.02363125,149
"89","Bromus tectorum","cowidrt.ca",4.5,"GRASS","ANNUAL","GRASS",1,18.768,0.198681818,7.006735802,17.28496,0.90288,0.47,31.204325
"90","Vulpia myuros","scruzl.us",5.9,"GRASS","ANNUAL","GRASS",1,17.1507779,0.435733333,7.5,22.38333333,0.3048,0.044,268.91
"91","Bromus japonicus","oreac.us",6.8,"GRASS","ANNUAL","GRASS",1,20.898,0.424044444,9.067927037,19.31803729,1.5,0.309868736,156.4992401
"92","Bromus sterilis","baddrt.de",9.66,"GRASS","ANNUAL","GRASS",1,27.9,0.658333333,9.050166032,30.5349098,1.5,0.4459545,279.231
"93","Raphanus sativus","scruzl.us",17.45,"FORB","ANNUAL","FORB",1,40.5,0.715,14.825,34.60857143,1.566667,0.461126342,30.09324949
"94","Aira caryophyllea","lcsouth.cl",21.5,"GRASS","ANNUAL","GRASS",1,19.9,0.155,8.843084453,21.08,0.181536575,0.207004398,224.2166835
"95","Avena barbata","scruzm.us",22,"GRASS","ANNUAL","GRASS",1,17,0.389,8.408464445,25.674375,0.5,0.02363125,149
"96","Bouteloua aristidoides","cerrillos.ar",23.12333333,"GRASS","ANNUAL","GRASS",1,15.9,0.04,11.24538881,12.89,0.3,0.350158988,103.65
